Date,Values
3/1/2014,45.868
3/2/2014,47.606
3/3/2014,42.58
3/4/2014,46.03
3/5/2014,44.992
3/6/2014,45.238
3/7/2014,45.752
3/8/2014,46.476
3/9/2014,42.752
3/10/2014,46.156
3/11/2014,43.35
3/12/2014,46.292
3/13/2014,43.428
3/14/2014,46.314
3/15/2014,43.688
3/16/2014,45.4
3/17/2014,45.858
3/18/2014,43.138
3/19/2014,46.024
3/20/2014,46.502
3/21/2014,42.606
3/22/2014,45.47
3/23/2014,42.652
3/24/2014,46.48
3/25/2014,45.47
3/26/2014,44.882
3/27/2014,42.502
3/28/2014,46.104
3/29/2014,43.884
3/30/2014,43.944
3/31/2014,46.056
4/1/2014,45.658
4/2/2014,43.662
4/3/2014,44.074
4/4/2014,42.91
4/5/2014,44.32
4/6/2014,44.718
4/7/2014,45.658
4/8/2014,42.63
4/9/2014,46.478
4/10/2014,46.432
4/11/2014,41.766
4/12/2014,47.008
4/13/2014,44.946
4/14/2014,42.112
4/15/2014,43.85
4/16/2014,43.78
4/17/2014,46.11
4/18/2014,43.662
4/19/2014,46.808
4/20/2014,40.586
4/21/2014,45.87
4/22/2014,43.618
4/23/2014,43.638
4/24/2014,48.412
4/25/2014,40.61
4/26/2014,43.402
4/27/2014,42.324
4/28/2014,44.564
4/29/2014,42.858
4/30/2014,45.638
5/1/2014,44.32
5/2/2014,40.916
5/3/2014,45.586
5/4/2014,43.696
5/5/2014,43.908
5/6/2014,47.042
5/7/2014,43.498
5/8/2014,43.772
5/9/2014,42.642
5/10/2014,44.194
5/11/2014,45.634
5/12/2014,43.17
5/13/2014,43.732
5/14/2014,43.498
5/15/2014,45.492
5/16/2014,44.742
5/17/2014,43.216
5/18/2014,45.848
5/19/2014,42.824
5/20/2014,42.23
5/21/2014,42.442
5/22/2014,43.474
5/23/2014,46.666
5/24/2014,40.97
5/25/2014,43.732
5/26/2014,45.164
5/27/2014,44.782
5/28/2014,44.084
5/29/2014,44.968
5/30/2014,46.104
5/31/2014,43.688
6/1/2014,42.332
6/2/2014,43.756
6/3/2014,43.708
6/4/2014,45.498
6/5/2014,45.774
6/6/2014,42.31
6/7/2014,46.682
6/8/2014,43.498
6/9/2014,44.096
6/10/2014,44.022
6/11/2014,47.572
6/12/2014,42.258
6/13/2014,44.202
6/14/2014,44.32
6/15/2014,44.014
6/16/2014,44.984
6/17/2014,45.59
6/18/2014,40.69
6/19/2014,44.176
6/20/2014,46.264
6/21/2014,44.108
6/22/2014,45.586
6/23/2014,44.9
6/24/2014,43.586
6/25/2014,43.556
6/26/2014,45.774
6/27/2014,43.122
6/28/2014,44.836
6/29/2014,47.37
6/30/2014,42.03
7/1/2014,45.61
7/2/2014,44.962
7/3/2014,44.812
7/4/2014,45.634
7/5/2014,44.516
7/6/2014,45.164
7/7/2014,43.568
7/8/2014,45.216
7/9/2014,42.888
7/10/2014,44.704
7/11/2014,46.288
7/12/2014,42.606
7/13/2014,44.622
7/14/2014,45.962
7/15/2014,46.236
7/16/2014,43.262
7/17/2014,43.942
7/18/2014,42.582
7/19/2014,43.67
7/20/2014,44.142
7/21/2014,43.79
7/22/2014,44.882
7/23/2014,48.686
7/24/2014,40.938
7/25/2014,45.586
7/26/2014,45.734
7/27/2014,44.554
7/28/2014,44.436
7/29/2014,47.676
7/30/2014,42.606
7/31/2014,45.492
8/1/2014,43.086
8/2/2014,45.306
8/3/2014,43.536
8/4/2014,45.694
8/5/2014,43.24
8/6/2014,43.122
8/7/2014,46.338
8/8/2014,45.822
8/9/2014,43.098
8/10/2014,47.746
8/11/2014,44.428
8/12/2014,42.834
8/13/2014,44.758
8/14/2014,45.892
8/15/2014,49.014
8/16/2014,43.522
8/17/2014,45.634
8/18/2014,42.544
8/19/2014,44.994
8/20/2014,47.08
8/21/2014,45.24
8/22/2014,44.084
8/23/2014,45.79
8/24/2014,43.248
8/25/2014,46.848
8/26/2014,42.864
8/27/2014,44.202
8/28/2014,45.916
8/29/2014,43.924
8/30/2014,42.992
8/31/2014,46.384
9/1/2014,45.774
9/2/2014,43.816
9/3/2014,46.69
9/4/2014,42.394
9/5/2014,44.6
9/6/2014,44.038
9/7/2014,46.126
9/8/2014,46.644
9/9/2014,42.638
9/10/2014,45.23
9/11/2014,45.986
9/12/2014,45.07
9/13/2014,44.394
9/14/2014,44.788
9/15/2014,48.874
9/16/2014,41.972
9/17/2014,45.568
9/18/2014,43.122
9/19/2014,44.202
9/20/2014,44.554
9/21/2014,44.882
9/22/2014,45.258
9/23/2014,44.366
9/24/2014,45.606
9/25/2014,44.436
9/26/2014,44.226
9/27/2014,47.476
9/28/2014,45.164
9/29/2014,42.91
9/30/2014,46.784
10/1/2014,42.54
10/2/2014,45.404
10/3/2014,46.198
10/4/2014,46.338
10/5/2014,42.536
10/6/2014,46.5
10/7/2014,45.884
10/8/2014,43.45
10/9/2014,46.252
10/10/2014,46.08
10/11/2014,42.77
10/12/2014,44.648
10/13/2014,43.366
10/14/2014,45.46
10/15/2014,44.508
10/16/2014,43.156
10/17/2014,46.432
10/18/2014,44.836
10/19/2014,44.436
10/20/2014,45
10/21/2014,47.664
10/22/2014,43.874
10/23/2014,45.624
10/24/2014,48.38
10/25/2014,41.738
10/26/2014,45.446
10/27/2014,46.644
10/28/2014,46.352
10/29/2014,45.142
10/30/2014,45.606
10/31/2014,46.39
11/1/2014,43.31
11/2/2014,48.12
11/3/2014,44.334
11/4/2014,44.794
11/5/2014,46.76
11/6/2014,45.088
11/7/2014,43.392
11/8/2014,44.882
11/9/2014,44.86
11/10/2014,45.112
11/11/2014,46.784
11/12/2014,46.996
11/13/2014,44.68
11/14/2014,45.492
11/15/2014,44.578
11/16/2014,43.36
11/17/2014,45.83
11/18/2014,44.888
11/19/2014,44.4
11/20/2014,47.558
11/21/2014,45.014
11/22/2014,43.732
11/23/2014,46.854
11/24/2014,46.244
11/25/2014,42.958
11/26/2014,46.644
11/27/2014,47.548
11/28/2014,40.658
11/29/2014,44.718
11/30/2014,46.586
12/1/2014,44.12
12/2/2014,43.802
12/3/2014,45.024
12/4/2014,46.362
12/5/2014,47.464
12/6/2014,44.068
12/7/2014,44.084
12/8/2014,46.644
12/9/2014,46.298
12/10/2014,45.29
12/11/2014,44.538
12/12/2014,45.78
12/13/2014,45.932
12/14/2014,46.096
12/15/2014,44.812
12/16/2014,47.058
12/17/2014,44.796
12/18/2014,44.578
12/19/2014,47.348
12/20/2014,42.794
12/21/2014,44.648
12/22/2014,46.596
12/23/2014,43.21
12/24/2014,45.14
12/25/2014,45.094
12/26/2014,46.312
12/27/2014,42.584
12/28/2014,47.394
12/29/2014,43.1
12/30/2014,44.448
12/31/2014,44.202
1/1/2015,46.784
1/2/2015,45.986
1/3/2015,44.508
1/4/2015,43.634
1/5/2015,42.974
1/6/2015,44.87
1/7/2015,45.714
1/8/2015,44.53
1/9/2015,47.392
1/10/2015,42.888
1/11/2015,43.78
1/12/2015,44.39
1/13/2015,46.174
1/14/2015,45.376
1/15/2015,44.32
1/16/2015,42.512
1/17/2015,45.396
1/18/2015,44.038
1/19/2015,42.406
1/20/2015,43.92
1/21/2015,46.056
1/22/2015,44.436
1/23/2015,45.078
1/24/2015,42.876
1/25/2015,47.23
1/26/2015,46.174
1/27/2015,40.798
1/28/2015,44.1
1/29/2015,43.788
1/30/2015,44.742
1/31/2015,44.938
2/1/2015,48.366
2/2/2015,39.718
2/3/2015,45.684
2/4/2015,43.978
2/5/2015,45.094
2/6/2015,43.122
2/7/2015,45.658
2/8/2015,41.83
2/9/2015,44.836
2/10/2015,42.558
2/11/2015,44.508
2/12/2015,42.354
2/13/2015,45.366
2/14/2015,41.972
2/15/2015,45.704
2/16/2015,44.63
2/17/2015,42.042
2/18/2015,46.012
2/19/2015,45.564
2/20/2015,43.56
2/21/2015,42.184
2/22/2015,43.662
2/23/2015,45.47
2/24/2015,43.334
2/25/2015,46.198
2/26/2015,40.774
2/27/2015,45.892
2/28/2015,43.638
3/1/2015,44.906
3/2/2015,45.438
3/3/2015,44.276
3/4/2015,41.924
3/5/2015,43.334
3/6/2015,44.896
3/7/2015,42.752
3/8/2015,43.38
3/9/2015,46.384
3/10/2015,40.306
3/11/2015,45.774
3/12/2015,43.544
3/13/2015,43.756
3/14/2015,44.882
3/15/2015,47.158
3/16/2015,41.784
3/17/2015,42.458
3/18/2015,43.544
3/19/2015,44.272
3/20/2015,44.976
3/21/2015,44.86
3/22/2015,44.366
3/23/2015,44.018
3/24/2015,42.674
3/25/2015,45.328
3/26/2015,44.014
3/27/2015,45.704
3/28/2015,41.76
3/29/2015,43.468
3/30/2015,46.38
3/31/2015,41.278
4/1/2015,44.084
4/2/2015,45.422
4/3/2015,42.136
4/4/2015,46.362
4/5/2015,44.178
4/6/2015,44.32
4/7/2015,49.238
4/8/2015,41.644
4/9/2015,44.694
4/10/2015,42.864
4/11/2015,44.108
4/12/2015,44.742
4/13/2015,45.188
4/14/2015,47.464
4/15/2015,42.344
4/16/2015,44.414
4/17/2015,44.32
4/18/2015,44.272
4/19/2015,46.528
4/20/2015,45.986
4/21/2015,42.512
4/22/2015,45.61
4/23/2015,44.44
4/24/2015,42.982
4/25/2015,44.248
4/26/2015,45.846
4/27/2015,42.356
4/28/2015,46.924
4/29/2015,45.024
4/30/2015,43.076
5/1/2015,46.408
5/2/2015,47.09
5/3/2015,41.578
5/4/2015,44.272
5/5/2015,44.46
5/6/2015,45
5/7/2015,47.066
5/8/2015,46.522
5/9/2015,41.976
5/10/2015,46.666
5/11/2015,44.46
5/12/2015,45.046
5/13/2015,45.738
5/14/2015,47.926
5/15/2015,41.526
5/16/2015,44.718
5/17/2015,45.798
5/18/2015,43.098
5/19/2015,44.894
5/20/2015,45.046
5/21/2015,45.446
5/22/2015,44.174
5/23/2015,45.164
5/24/2015,44.184
5/25/2015,46.244
5/26/2015,48.098
5/27/2015,41.88
5/28/2015,45.386
5/29/2015,43.152
5/30/2015,46.538
5/31/2015,44.226
6/1/2015,44.648
6/2/2015,46.338
6/3/2015,44.928
6/4/2015,45.018
6/5/2015,47.382
6/6/2015,44.394
6/7/2015,44.866
6/8/2015,46.136
6/9/2015,43.116
6/10/2015,44.418
6/11/2015,44.86
6/12/2015,44.22
6/13/2015,45.974
6/14/2015,46.244
6/15/2015,43.638
6/16/2015,44.578
6/17/2015,44.494
6/18/2015,46.502
6/19/2015,46.15
6/20/2015,44.53
6/21/2015,44.93
6/22/2015,43.098
6/23/2015,45.234
6/24/2015,45.962
6/25/2015,43.152
6/26/2015,46.478
6/27/2015,45.188
6/28/2015,47.196
6/29/2015,41.766
6/30/2015,46.198
7/1/2015,44.414
7/2/2015,46.83
7/3/2015,43.65
7/4/2015,43.198
7/5/2015,46.314
7/6/2015,43.876
7/7/2015,47.418
7/8/2015,41.22
7/9/2015,46.5
7/10/2015,44.598
7/11/2015,44.718
7/12/2015,48.592
7/13/2015,43.816
7/14/2015,42.724
7/15/2015,44.248
7/16/2015,45.328
7/17/2015,44.442
7/18/2015,45.358
7/19/2015,47.582
7/20/2015,41.556
7/21/2015,46.878
7/22/2015,44.226
7/23/2015,44.882
7/24/2015,46.878
7/25/2015,45.822
7/26/2015,44.844
7/27/2015,43.826
7/28/2015,43.004
7/29/2015,44.93
7/30/2015,44.53
7/31/2015,47.512
8/1/2015,41.414
8/2/2015,46.572
8/3/2015,46.056
8/4/2015,43.334
8/5/2015,50.14
8/6/2015,41.23
8/7/2015,44.788
8/8/2015,44.508
8/9/2015,44.906
8/10/2015,45.54
8/11/2015,48.208
8/12/2015,42.418
8/13/2015,47.29
8/14/2015,44.188
8/15/2015,44.508
8/16/2015,44.672
8/17/2015,48.078
8/18/2015,43.08
8/19/2015,44.636
8/20/2015,45.436
8/21/2015,46.08
8/22/2015,43.78
8/23/2015,47.612
8/24/2015,41.478
8/25/2015,44.436
8/26/2015,46.948
8/27/2015,44.906
8/28/2015,46.948
8/29/2015,45.446
8/30/2015,43.052
8/31/2015,44.46
9/1/2015,44.554
9/2/2015,45.492
9/3/2015,44.648
9/4/2015,48.732
9/5/2015,41.15
9/6/2015,45.916
9/7/2015,44.038
9/8/2015,44.612
9/9/2015,43.578
9/10/2015,47.018
9/11/2015,46.456
9/12/2015,44.368
9/13/2015,43.544
9/14/2015,44.938
9/15/2015,43.834
9/16/2015,47.026
9/17/2015,42.368
9/18/2015,44.468
9/19/2015,47.09
9/20/2015,45.962
9/21/2015,44.656
9/22/2015,46.422
9/23/2015,43.38
9/24/2015,47.042
9/25/2015,46.338
9/26/2015,43.17
9/27/2015,46.744
9/28/2015,45.564
9/29/2015,42.77
9/30/2015,45.142
10/1/2015,46.15
10/2/2015,44.6
10/3/2015,46.362
10/4/2015,46.714
10/5/2015,43.228
10/6/2015,44.792
10/7/2015,44.508
10/8/2015,46.426
10/9/2015,44.628
10/10/2015,43.374
10/11/2015,45.892
10/12/2015,43.062
10/13/2015,46.526
10/14/2015,44.766
10/15/2015,46.202
10/16/2015,44.296
10/17/2015,44.954
10/18/2015,47.082
10/19/2015,41.878
10/20/2015,45.328
10/21/2015,47.042
10/22/2015,44.16
10/23/2015,45.986
10/24/2015,43.136
10/25/2015,46.292
10/26/2015,46.036
10/27/2015,44.612
10/28/2015,47.014
10/29/2015,42.722
10/30/2015,44.47
10/31/2015,44.774
11/1/2015,45.728
11/2/2015,44.756
11/3/2015,45.258
11/4/2015,42.522
11/5/2015,45.632
11/6/2015,44.996
11/7/2015,44.484
11/8/2015,44.366
11/9/2015,49.238
11/10/2015,42.822
11/11/2015,42.888
11/12/2015,44.32
11/13/2015,43.85
11/14/2015,46.66
11/15/2015,44.788
11/16/2015,44.014
11/17/2015,42.53
11/18/2015,46.268
11/19/2015,43.732
11/20/2015,46.244
11/21/2015,43.428
11/22/2015,44.248
11/23/2015,46.432
11/24/2015,41.384
11/25/2015,44.002
11/26/2015,45.518
11/27/2015,42.422
11/28/2015,43.968
11/29/2015,44.976
11/30/2015,44.66
12/1/2015,44.954
12/2/2015,44.648
12/3/2015,43.856
12/4/2015,44.154
12/5/2015,43.946
12/6/2015,43.896
12/7/2015,43.662
12/8/2015,46.68
12/9/2015,45.822
12/10/2015,41.15
12/11/2015,43.944
12/12/2015,46.032
12/13/2015,45.234
12/14/2015,43.92
12/15/2015,43.638
12/16/2015,44.836
12/17/2015,42.31
12/18/2015,45.07
12/19/2015,42.536
12/20/2015,45.47
12/21/2015,42.136
12/22/2015,45.346
12/23/2015,43.498
12/24/2015,44.46
12/25/2015,45.376
12/26/2015,42.582
12/27/2015,46.972
12/28/2015,42.618
12/29/2015,44.038
12/30/2015,46.478
12/31/2015,40.586
1/1/2016,45.422
1/2/2016,43.826
1/3/2016,43.252
1/4/2016,43.826
1/5/2016,47.136
1/6/2016,44.366
1/7/2016,43.334
1/8/2016,43.944
1/9/2016,43.802
1/10/2016,43.918
1/11/2016,44.058
1/12/2016,45.516
1/13/2016,43.262
1/14/2016,44.192
1/15/2016,43.146
1/16/2016,43.508
1/17/2016,47.828
1/18/2016,42.3
1/19/2016,44.084
1/20/2016,48
1/21/2016,41.856
1/22/2016,43.802
1/23/2016,45.64
1/24/2016,43.472
1/25/2016,43.454
1/26/2016,45.208
1/27/2016,44.32
1/28/2016,45
1/29/2016,44.986
1/30/2016,46.056
1/31/2016,42.324
2/1/2016,46.126
2/2/2016,44.574
2/3/2016,44.72
2/4/2016,43.906
2/5/2016,47.522
2/6/2016,41.056
2/7/2016,44.482
2/8/2016,44.014
2/9/2016,45.458
2/10/2016,45.356
2/11/2016,44.248
2/12/2016,46.338
2/13/2016,46.69
2/14/2016,42.066
2/15/2016,44.624
2/16/2016,44.32
2/17/2016,44.718
2/18/2016,47.3
2/19/2016,44.93
2/20/2016,44.46
2/21/2016,43.192
2/22/2016,47.864
2/23/2016,43.262
2/24/2016,44.578
2/25/2016,48.38
2/26/2016,42.864
2/27/2016,45.928
2/28/2016,43.334
2/29/2016,46.22
3/1/2016,42.958
3/2/2016,46.426
3/3/2016,43.076
3/4/2016,45.074
3/5/2016,48.24
3/6/2016,44.132
3/7/2016,44.202
3/8/2016,47.86
3/9/2016,44.634
3/10/2016,43.262
3/11/2016,44.718
3/12/2016,46.174
3/13/2016,45.352
3/14/2016,49.024
3/15/2016,41.996
3/16/2016,45.282
3/17/2016,47.042
3/18/2016,45.54
3/19/2016,47.23
3/20/2016,44.812
3/21/2016,46.666
3/22/2016,43.098
3/23/2016,45.94
3/24/2016,43.85
3/25/2016,44.578
3/26/2016,46.174
3/27/2016,45.294
3/28/2016,43.616
3/29/2016,45.752
3/30/2016,44.976
3/31/2016,44.94
4/1/2016,50.07
4/2/2016,45.966
4/3/2016,42.418
4/4/2016,44.484
4/5/2016,44.906
4/6/2016,49.014
4/7/2016,42.78
4/8/2016,44.658
4/9/2016,44.752
4/10/2016,47.606
4/11/2016,43.646
4/12/2016,48.042
4/13/2016,43.23
4/14/2016,44.812
4/15/2016,45.752
4/16/2016,43.254
4/17/2016,44.982
4/18/2016,45.944
4/19/2016,45.104
4/20/2016,43.45
4/21/2016,44.484
4/22/2016,47.958
4/23/2016,43.216
4/24/2016,46.488
4/25/2016,46.83
4/26/2016,44.366
4/27/2016,43.122
4/28/2016,44.398
4/29/2016,45.358
4/30/2016,45.66
5/1/2016,47.652
5/2/2016,43.45
5/3/2016,46.76
5/4/2016,44.672
5/5/2016,44.558
5/6/2016,44.53
5/7/2016,48.428
5/8/2016,42.888
5/9/2016,44.836
5/10/2016,46.056
5/11/2016,45.258
5/12/2016,43.262
5/13/2016,45.472
5/14/2016,46.714
5/15/2016,42.864
5/16/2016,47.348
5/17/2016,45.406
5/18/2016,47.298
5/19/2016,46.244
5/20/2016,48.568
5/21/2016,42.324
5/22/2016,46.728
5/23/2016,44.11
5/24/2016,46.238
5/25/2016,47.16
5/26/2016,46.254
5/27/2016,46.08
5/28/2016,45.376
5/29/2016,45.68
5/30/2016,47.06
5/31/2016,46.306
6/1/2016,44.202
6/2/2016,48.616
6/3/2016,41.978
6/4/2016,45.516
6/5/2016,45.338
6/6/2016,44.998
6/7/2016,45.658
6/8/2016,46.944
6/9/2016,45.782
6/10/2016,45.704
6/11/2016,50.906
6/12/2016,46.822
6/13/2016,45.892
6/14/2016,47.184
6/15/2016,43.592
6/16/2016,45.61
6/17/2016,51.198
6/18/2016,44.694
6/19/2016,47.582
6/20/2016,47.254
6/21/2016,45.846
6/22/2016,45.892
6/23/2016,45.22
6/24/2016,48.756
6/25/2016,44.648
6/26/2016,47.348
6/27/2016,45.61
6/28/2016,42.982
6/29/2016,45.78
6/30/2016,46.194
7/1/2016,48.428
7/2/2016,42.384
7/3/2016,46.286
7/4/2016,45.728
7/5/2016,44.296
7/6/2016,49.93
7/7/2016,43.904
7/8/2016,47.574
7/9/2016,44.488
7/10/2016,45.4
7/11/2016,46.456
7/12/2016,47.794
7/13/2016,45.986
7/14/2016,44.93
7/15/2016,45.748
7/16/2016,46.292
7/17/2016,44.154
7/18/2016,48.616
7/19/2016,43.414
7/20/2016,44.062
7/21/2016,45.194
7/22/2016,45.03
7/23/2016,46.82
7/24/2016,45.324
7/25/2016,45.61
7/26/2016,42.09
7/27/2016,46.83
7/28/2016,45.4
7/29/2016,44.766
7/30/2016,48.836
7/31/2016,44.86
8/1/2016,43.99
8/2/2016,45.126
8/3/2016,46.526
8/4/2016,44.14
8/5/2016,48.188
8/6/2016,42.644
8/7/2016,45.962
8/8/2016,45.442
8/9/2016,44.672
8/10/2016,44.612
8/11/2016,48.61
8/12/2016,44.306
8/13/2016,43.848
8/14/2016,46.414
8/15/2016,43.31
8/16/2016,44.836
8/17/2016,46.74
8/18/2016,42.858
8/19/2016,44.296
8/20/2016,46.146
8/21/2016,45.938
8/22/2016,45.704
8/23/2016,45.306
8/24/2016,42.816
8/25/2016,44.062
8/26/2016,44.554
8/27/2016,43.372
8/28/2016,48.616
8/29/2016,42.488
8/30/2016,44.272
8/31/2016,44.296
9/1/2016,46.338
9/2/2016,45.846
9/3/2016,42.652
9/4/2016,47.254
9/5/2016,42.84
9/6/2016,44.436
9/7/2016,44.108
9/8/2016,44.236
9/9/2016,46.268
9/10/2016,44.39
9/11/2016,41.812
9/12/2016,45.422
9/13/2016,44.788
9/14/2016,45.938
9/15/2016,42.512
9/16/2016,45.986
9/17/2016,44.232
9/18/2016,44.414
9/19/2016,50.212
9/20/2016,38.498
9/21/2016,45.07
9/22/2016,45.816
9/23/2016,43.996
9/24/2016,46.032
9/25/2016,44.718
9/26/2016,45.422
9/27/2016,43.428
9/28/2016,48.982
9/29/2016,42.004
9/30/2016,46.5
10/1/2016,42.582
10/2/2016,44.272
10/3/2016,45.542
10/4/2016,43.272
10/5/2016,46.514
10/6/2016,42.686
10/7/2016,46.62
10/8/2016,44.32
10/9/2016,44.418
10/10/2016,47.366
10/11/2016,45.14
10/12/2016,42.794
10/13/2016,44.508
10/14/2016,44.694
10/15/2016,45.118
10/16/2016,47.7
10/17/2016,44.46
10/18/2016,42.934
10/19/2016,46.996
10/20/2016,44.508
10/21/2016,44.296
10/22/2016,48.004
10/23/2016,42.816
10/24/2016,45.774
10/25/2016,46.042
10/26/2016,42.136
10/27/2016,44.484
10/28/2016,46.67
10/29/2016,42.992
10/30/2016,45.182
10/31/2016,46.564
11/1/2016,46.338
11/2/2016,43.966
11/3/2016,49.062
11/4/2016,42.532
11/5/2016,44.624
11/6/2016,44.882
11/7/2016,45.144
11/8/2016,48.654
11/9/2016,42.63
11/10/2016,45.122
11/11/2016,44.802
11/12/2016,46.644
11/13/2016,43.876
11/14/2016,47.208
11/15/2016,46.628
11/16/2016,43.9
11/17/2016,44.648
11/18/2016,45.376
11/19/2016,46.62
11/20/2016,42.864
11/21/2016,47.582
11/22/2016,43.24
11/23/2016,43.224
11/24/2016,47.3
11/25/2016,46.572
11/26/2016,43.618
11/27/2016,46.77
11/28/2016,46.326
11/29/2016,44.99
11/30/2016,45.164
12/1/2016,49.622
12/2/2016,43.334
12/3/2016,46.432
12/4/2016,45.006
12/5/2016,45.09
12/6/2016,46.784
12/7/2016,46.948
12/8/2016,44.79
12/9/2016,45.61
12/10/2016,45.258
12/11/2016,44.586
12/12/2016,47.362
12/13/2016,45.966
12/14/2016,42.378
12/15/2016,45.54
12/16/2016,46.314
12/17/2016,43.736
12/18/2016,47.536
12/19/2016,47.84
12/20/2016,43.262
12/21/2016,47.864
12/22/2016,45.218
12/23/2016,48.858
12/24/2016,44.132
12/25/2016,44.85
12/26/2016,48.262
12/27/2016,44.788
12/28/2016,44.43
12/29/2016,45.006
12/30/2016,47.184
12/31/2016,46.666
1/1/2017,46.402
1/2/2017,46.55
1/3/2017,43.688
1/4/2017,46.744
1/5/2017,45.108
1/6/2017,45.446
1/7/2017,45.376
1/8/2017,46.596
1/9/2017,45.894
1/10/2017,43.434
1/11/2017,47.462
1/12/2017,48.072
1/13/2017,43.498
1/14/2017,48.814
1/15/2017,44.6
1/16/2017,46.572
1/17/2017,44.436
1/18/2017,46.504
1/19/2017,46.854
1/20/2017,47.018
1/21/2017,45.526
1/22/2017,48.524
1/23/2017,45.118
1/24/2017,47.208
1/25/2017,44.114
1/26/2017,48.428
1/27/2017,47.652
1/28/2017,47.816
1/29/2017,45.282
1/30/2017,46.338
1/31/2017,45.542
2/1/2017,49.954
2/2/2017,42.064
2/3/2017,47.652
2/4/2017,46.556
2/5/2017,45.752
2/6/2017,45.916
2/7/2017,47.276
2/8/2017,45.716
2/9/2017,47.006
2/10/2017,46.528
2/11/2017,46.854
2/12/2017,44.128
2/13/2017,47.018
2/14/2017,46.088
2/15/2017,45.822
2/16/2017,49.718
2/17/2017,45.258
2/18/2017,44.578
2/19/2017,47.512
2/20/2017,45.658
2/21/2017,46.996
2/22/2017,47.904
2/23/2017,44.882
2/24/2017,46.644
2/25/2017,44.624
2/26/2017,50.992
2/27/2017,47.536
2/28/2017,50.938
3/1/2017,43.874
3/2/2017,48.098
3/3/2017,48.216
3/4/2017,48.098
3/5/2017,44.93
3/6/2017,47.672
3/7/2017,44.576
3/8/2017,47.184
3/9/2017,47.276
3/10/2017,46.032
3/11/2017,47.098
3/12/2017,49.524
3/13/2017,46.032
3/14/2017,44.508
3/15/2017,48.544
3/16/2017,46.126
3/17/2017,46.22
3/18/2017,49.558
3/19/2017,44.342
3/20/2017,46.636
3/21/2017,46.974
3/22/2017,46.45
3/23/2017,46.354
3/24/2017,51.056
3/25/2017,45.836
3/26/2017,46.526
3/27/2017,47.276
3/28/2017,48.93
3/29/2017,46.996
3/30/2017,48.212
3/31/2017,45.114
4/1/2017,46.526
4/2/2017,47.512
4/3/2017,50.234
4/4/2017,41.996
4/5/2017,47.724
4/6/2017,47.866
4/7/2017,44.084
4/8/2017,48.31
4/9/2017,45.374
4/10/2017,45.54
4/11/2017,49.038
4/12/2017,45.376
4/13/2017,44.624
4/14/2017,45.516
4/15/2017,45.938
4/16/2017,47.17
4/17/2017,46.786
4/18/2017,46.924
4/19/2017,44.038
4/20/2017,50
4/21/2017,44.022
4/22/2017,46.714
4/23/2017,46.55
4/24/2017,48.802
4/25/2017,43.99
4/26/2017,47.958
4/27/2017,46.53
4/28/2017,48.756
4/29/2017,45.328
4/30/2017,48.708
5/1/2017,47.206
5/2/2017,49.39
5/3/2017,45.586
5/4/2017,47.934
5/5/2017,45.752
5/6/2017,47.888
5/7/2017,44.186
5/8/2017,46.362
5/9/2017,48.826
5/10/2017,45.658
5/11/2017,47.716
5/12/2017,48.586
5/13/2017,45.918
5/14/2017,49.17
5/15/2017,47.464
5/16/2017,48.104
5/17/2017,46.072
5/18/2017,50.846
5/19/2017,43.052
5/20/2017,47.966
5/21/2017,47.184
5/22/2017,46.478
5/23/2017,49.812
5/24/2017,46.878
5/25/2017,45.024
5/26/2017,48.1
5/27/2017,44.896
5/28/2017,48.31
5/29/2017,46.83
5/30/2017,47.09
5/31/2017,44.93
6/1/2017,46.204
6/2/2017,46.718
6/3/2017,46.652
6/4/2017,48.64
6/5/2017,48.568
6/6/2017,46.924
6/7/2017,47.91
6/8/2017,45.208
6/9/2017,47.09
6/10/2017,48.262
6/11/2017,44.624
6/12/2017,46.384
6/13/2017,50.118
6/14/2017,45.752
6/15/2017,47.066
6/16/2017,46.154
6/17/2017,49.292
6/18/2017,42.558
6/19/2017,47.276
6/20/2017,45
6/21/2017,45.968
6/22/2017,46.794
6/23/2017,47.238
6/24/2017,45.938
6/25/2017,43.736
6/26/2017,48.17
6/27/2017,42.934
6/28/2017,47.418
6/29/2017,44.982
6/30/2017,47.41
7/1/2017,46.292
7/2/2017,42.8
7/3/2017,45.234
7/4/2017,45.222
7/5/2017,45.422
7/6/2017,49.86
7/7/2017,42.7
7/8/2017,46.55
7/9/2017,43.682
7/10/2017,47.512
7/11/2017,45.622
7/12/2017,45.516
7/13/2017,48.944
7/14/2017,43.686
7/15/2017,46.738
7/16/2017,46.948
7/17/2017,42.746
7/18/2017,44.82
7/19/2017,45.862
7/20/2017,47.516
7/21/2017,43.786
7/22/2017,47.966
7/23/2017,47.16
7/24/2017,44.46
7/25/2017,47.488
7/26/2017,46.268
7/27/2017,47.254
7/28/2017,44.39
7/29/2017,45.68
7/30/2017,46.666
7/31/2017,48.236
8/1/2017,46.29
8/2/2017,43.602
8/3/2017,48.174
8/4/2017,45.47
8/5/2017,48.402
8/6/2017,45.39
8/7/2017,47.592
8/8/2017,44.494
8/9/2017,44.724
8/10/2017,45.938
8/11/2017,45.564
8/12/2017,45.4
8/13/2017,47.23
8/14/2017,46.318
8/15/2017,46.596
8/16/2017,43.99
8/17/2017,45.452
8/18/2017,47.982
8/19/2017,47.91
8/20/2017,44.342
8/21/2017,45.822
8/22/2017,48.686
8/23/2017,45.258
8/24/2017,49.154
8/25/2017,45.118
8/26/2017,46.948
8/27/2017,48.398
8/28/2017,45.68
8/29/2017,46.644
8/30/2017,50.422
8/31/2017,45.516
9/1/2017,47.796
9/2/2017,43.374
9/3/2017,46.746
9/4/2017,46.08
9/5/2017,47.934
9/6/2017,45.432
9/7/2017,47.418
9/8/2017,47.934
9/9/2017,48.712
9/10/2017,45.32
9/11/2017,46.134
9/12/2017,46.334
9/13/2017,49.038
9/14/2017,47.37
9/15/2017,44.342
9/16/2017,47.066
9/17/2017,51.972
9/18/2017,44.598
9/19/2017,49.518
9/20/2017,46.362
9/21/2017,47.654
9/22/2017,47.844
9/23/2017,48.814
9/24/2017,44.954
9/25/2017,45.774
9/26/2017,46.418
9/27/2017,45.886
9/28/2017,49.272
9/29/2017,48.616
9/30/2017,42.538
10/1/2017,46.526
10/2/2017,49.056
10/3/2017,48.618
10/4/2017,44.578
10/5/2017,48.404
10/6/2017,47.81
10/7/2017,44.836
10/8/2017,49.226
10/9/2017,45.4
10/10/2017,45.63
10/11/2017,48.028
10/12/2017,47.746
10/13/2017,46.774
10/14/2017,49.566
10/15/2017,48.732
10/16/2017,47.206
10/17/2017,48.088
10/18/2017,44.296
10/19/2017,47.09
10/20/2017,44.178
10/21/2017,44.946
10/22/2017,45.736
10/23/2017,42.7
10/24/2017,44.32
10/25/2017,43.926
10/26/2017,46.738
10/27/2017,47.418
10/28/2017,41.916
10/29/2017,45.07
10/30/2017,45.258
10/31/2017,44.694
11/1/2017,44.376
11/2/2017,46.164
11/3/2017,44.93
11/4/2017,45.164
11/5/2017,46.93
11/6/2017,42.018
11/7/2017,49.366
11/8/2017,43.516
11/9/2017,44.754
11/10/2017,47.632
11/11/2017,47.83
11/12/2017,44.226
11/13/2017,45.634
11/14/2017,42.63
11/15/2017,44.084
11/16/2017,44.296
11/17/2017,44.248
11/18/2017,44.766
11/19/2017,47.91
11/20/2017,44.484
11/21/2017,43.592
11/22/2017,46.044
11/23/2017,44.956
11/24/2017,46.83
11/25/2017,45.258
11/26/2017,44.648
11/27/2017,45.116
11/28/2017,47.746
11/29/2017,44.718
11/30/2017,44.648
12/1/2017,48.428
12/2/2017,47.812
12/3/2017,46.794
12/4/2017,47.184
12/5/2017,44.65
12/6/2017,44.808
12/7/2017,47.276
12/8/2017,42.7
12/9/2017,44.798
12/10/2017,46.574
12/11/2017,43.708
12/12/2017,50.046
12/13/2017,43.45
12/14/2017,45
12/15/2017,46.22
12/16/2017,46.712
12/17/2017,47.464
12/18/2017,46.338
12/19/2017,42.464
12/20/2017,45.456
12/21/2017,48.656
12/22/2017,47.16
12/23/2017,45.074
12/24/2017,45.658
12/25/2017,47.888
12/26/2017,47.794
12/27/2017,43.78
12/28/2017,49.098
12/29/2017,45.47
12/30/2017,44.486
12/31/2017,46.694
1/1/2018,44.86
1/2/2018,44.968
1/3/2018,43.288
1/4/2018,44.084
1/5/2018,44.366
1/6/2018,46.362
1/7/2018,48.004
1/8/2018,42.966
1/9/2018,49.544
1/10/2018,44.084
1/11/2018,44.272
1/12/2018,47.03
1/13/2018,44.156
1/14/2018,46.572
1/15/2018,46.338
1/16/2018,45.868
1/17/2018,43.568
1/18/2018,47.864
1/19/2018,42.018
1/20/2018,44.404
1/21/2018,45.846
1/22/2018,43.638
1/23/2018,43.826
1/24/2018,44.93
1/25/2018,44.39
1/26/2018,41.924
1/27/2018,44.178
1/28/2018,43.332
1/29/2018,45.54
1/30/2018,44.062
1/31/2018,45.586
2/1/2018,43.498
2/2/2018,43.662
2/3/2018,44.884
2/4/2018,46.22
2/5/2018,43.544
2/6/2018,43.592
2/7/2018,46.206
2/8/2018,47.3
2/9/2018,39.474
2/10/2018,44.276
2/11/2018,45.282
2/12/2018,43.77
2/13/2018,45.422
2/14/2018,43.896
2/15/2018,45.378
2/16/2018,42.09
2/17/2018,44.54
2/18/2018,42.864
2/19/2018,45.516
2/20/2018,42.288
2/21/2018,44.052
2/22/2018,45.306
2/23/2018,44.084
2/24/2018,46.056
2/25/2018,40.964
2/26/2018,46.456
2/27/2018,44.098
2/28/2018,43.262
3/1/2018,45.032
3/2/2018,43.592
3/3/2018,42.864
3/4/2018,45.568
3/5/2018,43.826
3/6/2018,46.874
3/7/2018,42.934
3/8/2018,45.704
3/9/2018,43.47
3/10/2018,44.508
3/11/2018,43.708
3/12/2018,43.686
3/13/2018,44.062
3/14/2018,44.286
3/15/2018,48.436
3/16/2018,39.414
3/17/2018,45.15
3/18/2018,42.7
3/19/2018,45.728
3/20/2018,43.85
3/21/2018,44.014
3/22/2018,47.09
3/23/2018,42.018
3/24/2018,43.864
3/25/2018,45.798
3/26/2018,41.784
3/27/2018,44.718
3/28/2018,47.126
3/29/2018,42.3
3/30/2018,43.78
3/31/2018,45.634
4/1/2018,44.956
4/2/2018,45.492
4/3/2018,44.554
4/4/2018,42.066
4/5/2018,43.732
4/6/2018,43.92
4/7/2018,44.016
4/8/2018,46.69
4/9/2018,40.422
4/10/2018,43.85
4/11/2018,46.456
4/12/2018,42.864
4/13/2018,43.568
4/14/2018,44.272
4/15/2018,49.516
4/16/2018,42.716
4/17/2018,45.586
4/18/2018,46.268
4/19/2018,44.112
4/20/2018,46.408
4/21/2018,50.6
4/22/2018,41.502
4/23/2018,42.756
4/24/2018,45.326
4/25/2018,44.784
4/26/2018,44.882
4/27/2018,47.23
4/28/2018,46.666
4/29/2018,46.198
4/30/2018,44.56
5/1/2018,42.612
5/2/2018,45.302
5/3/2018,45.752
5/4/2018,43.112
5/5/2018,45.26
5/6/2018,48.146
5/7/2018,43.45
5/8/2018,43.802
5/9/2018,48.272
5/10/2018,41.15
5/11/2018,43.85
5/12/2018,43.866
5/13/2018,45.212
5/14/2018,45.282
5/15/2018,43.474
5/16/2018,43.79
5/17/2018,43.732
5/18/2018,46.972
5/19/2018,44.414
5/20/2018,43.286
5/21/2018,44.414
5/22/2018,43.698
5/23/2018,44.126
5/24/2018,43.53
5/25/2018,45.752
5/26/2018,40.752
5/27/2018,44.062
5/28/2018,46.456
5/29/2018,41.478
5/30/2018,47.7
5/31/2018,42.058
6/1/2018,43.708
6/2/2018,45.68
6/3/2018,44.248
6/4/2018,45.072
6/5/2018,44.648
6/6/2018,42.77
6/7/2018,44.578
6/8/2018,45.234
6/9/2018,44.272
6/10/2018,43.662
6/11/2018,47.404
6/12/2018,43.798
6/13/2018,42.38
6/14/2018,45.868
6/15/2018,46.666
6/16/2018,41.032
6/17/2018,43.744
6/18/2018,46.018
6/19/2018,43.052
6/20/2018,42.442
6/21/2018,44.226
6/22/2018,44.062
6/23/2018,45.516
6/24/2018,45.982
6/25/2018,44.972
6/26/2018,42.746
6/27/2018,45.118
6/28/2018,42.608
6/29/2018,43.932
6/30/2018,45.702
7/1/2018,43.122
7/2/2018,45.328
7/3/2018,43.944
7/4/2018,43.686
7/5/2018,45.608
7/6/2018,45.188
7/7/2018,44.342
7/8/2018,43.428
7/9/2018,44.128
7/10/2018,44.256
7/11/2018,44.202
7/12/2018,44.554
7/13/2018,45.664
7/14/2018,43.112
7/15/2018,43.044
7/16/2018,47.236
7/17/2018,44.108
7/18/2018,44.248
7/19/2018,45.376
7/20/2018,43.976
7/21/2018,46.606
7/22/2018,43.028
7/23/2018,43.824
7/24/2018,45.892
7/25/2018,43.026
7/26/2018,45.352
7/27/2018,44.038
7/28/2018,43.896
7/29/2018,46.982
7/30/2018,44.72
7/31/2018,42.144
8/1/2018,45.67
8/2/2018,43.708
8/3/2018,44.086
8/4/2018,43.84
8/5/2018,47.664
8/6/2018,43.378
8/7/2018,39.436
8/8/2018,44.244
8/9/2018,43.912
8/10/2018,46.06
8/11/2018,46.056
8/12/2018,42.176
8/13/2018,46.808
8/14/2018,42.878
8/15/2018,44.342
8/16/2018,43.968
8/17/2018,46.01
8/18/2018,43.474
8/19/2018,45.306
8/20/2018,45.328
8/21/2018,42.724
8/22/2018,45.212
8/23/2018,45.564
8/24/2018,42.16
8/25/2018,46.784
8/26/2018,46.55
8/27/2018,43.17
8/28/2018,48.874
8/29/2018,41.69
8/30/2018,44.426
8/31/2018,44.694
9/1/2018,46.572
9/2/2018,44.694
9/3/2018,46.83
9/4/2018,45.306
9/5/2018,45.986
9/6/2018,42.386
9/7/2018,45.674
9/8/2018,44.178
9/9/2018,44.114
9/10/2018,46.01
9/11/2018,43.474
9/12/2018,46.104
9/13/2018,45.47
9/14/2018,42.724
9/15/2018,46.974
9/16/2018,48.204
9/17/2018,42.558
9/18/2018,45.774
9/19/2018,45.07
9/20/2018,45.042
9/21/2018,41.598
9/22/2018,46.024
9/23/2018,42.782
9/24/2018,44.86
9/25/2018,45.868
9/26/2018,41.784
9/27/2018,45.724
9/28/2018,46.902
9/29/2018,40.846
9/30/2018,45.658
10/1/2018,44.132
10/2/2018,43.98
10/3/2018,43.92
10/4/2018,43.896
10/5/2018,48.6
10/6/2018,41.738
10/7/2018,44.93
10/8/2018,42.724
10/9/2018,45.41
10/10/2018,43.802
10/11/2018,44.344
10/12/2018,47.442
10/13/2018,40.762
10/14/2018,44.366
10/15/2018,48.146
10/16/2018,40.686
10/17/2018,43.968
10/18/2018,43.944
10/19/2018,45.782
10/20/2018,41.924
10/21/2018,45.774
10/22/2018,44.272
10/23/2018,45.094
10/24/2018,46.986
10/25/2018,43.146
10/26/2018,42.018
10/27/2018,43.91
10/28/2018,43.318
10/29/2018,44.436
10/30/2018,45.07
10/31/2018,47.154
11/1/2018,40.742
11/2/2018,46.016
11/3/2018,46.606
11/4/2018,41.432
11/5/2018,45.048
11/6/2018,45.492
11/7/2018,41.644
11/8/2018,44.882
11/9/2018,42.456
11/10/2018,43.918
11/11/2018,43.586
11/12/2018,45.702
11/13/2018,44.498
11/14/2018,42.84
11/15/2018,43.78
11/16/2018,47.128
11/17/2018,43.94
11/18/2018,45.556
11/19/2018,41.854
11/20/2018,43.944
11/21/2018,43.708
11/22/2018,45.846
11/23/2018,46.572
11/24/2018,44.686
11/25/2018,41.878
11/26/2018,45.658
11/27/2018,43.878
11/28/2018,43.85
11/29/2018,45.256
11/30/2018,45.822
12/1/2018,43.404
12/2/2018,45.352
12/3/2018,41.06
12/4/2018,43.944
12/5/2018,43.874
12/6/2018,45.728
12/7/2018,41.95
12/8/2018,45.22
12/9/2018,45.496
12/10/2018,42.89
12/11/2018,45.306
12/12/2018,45
12/13/2018,44.648
12/14/2018,42.376
12/15/2018,43.92
12/16/2018,44.474
12/17/2018,46.738
12/18/2018,42.69
12/19/2018,45.152
12/20/2018,44.084
12/21/2018,44.154
12/22/2018,46.924
12/23/2018,42.792
12/24/2018,45.134
12/25/2018,42.382
12/26/2018,45.68
12/27/2018,41.948
12/28/2018,44.178
12/29/2018,43.526
12/30/2018,43.944
12/31/2018,47.344
1/1/2019,43.594
